"Island","Sensor","Mean_Chlorophyll","SD_Chlorophyll","Start_Date","End_Date","FileName"
"Agrihan","ESA",0.0565486576152026,0.00566863339085315,1997-09-04,2023-12-01,"Agrihan_Chlorophyll_A_ESA_OC_CCI_v6.0_Monthly_1997-09-05_2024-11-30_30m_5pct_masked.nc"
"Aguijan","ESA",0.0510661402918353,0.00921735349484693,1997-09-04,2023-12-01,"Aguijan_Chlorophyll_A_ESA_OC_CCI_v6.0_Monthly_1997-09-05_2024-11-30_30m_5pct_masked.nc"
"Alamagan","ESA",0.0552131853717203,0.00547350044351568,1997-09-04,2023-12-01,"Alamagan_Chlorophyll_A_ESA_OC_CCI_v6.0_Monthly_1997-09-05_2024-11-30_30m_5pct_masked.nc"
"Anatahan","ESA",0.0554400896944678,0.00815648199824458,1997-09-04,2023-12-01,"Anatahan_Chlorophyll_A_ESA_OC_CCI_v6.0_Monthly_1997-09-05_2024-11-30_30m_5pct_masked.nc"
"Arakane","ESA",0.0545532897716645,0.00514493633280925,1997-09-04,2023-12-01,"Arakane_Chlorophyll_A_ESA_OC_CCI_v6.0_Monthly_1997-09-05_2024-11-30_30m_5pct_masked.nc"
"Asuncion","ESA",0.0564144786829205,0.00489609039515712,1997-09-04,2023-12-01,"Asuncion_Chlorophyll_A_ESA_OC_CCI_v6.0_Monthly_1997-09-05_2024-11-30_30m_5pct_masked.nc"
"Baker","ESA",0.211703886300315,0.0142690851655054,1997-09-04,2023-12-01,"Baker_Chlorophyll_A_ESA_OC_CCI_v6.0_Monthly_1997-09-05_2024-11-30_30m_5pct_masked.nc"
"Farallon_de_Pajaros","ESA",0.0561891212893638,0.0041428621707456,1997-09-04,2023-12-01,"Farallon_de_Pajaros_Chlorophyll_A_ESA_OC_CCI_v6.0_Monthly_1997-09-05_2024-11-30_30m_5pct_masked.nc"
"French_Frigate","ESA",0.0969380056653657,0.0466238626925211,1997-09-04,2023-12-01,"French_Frigate_Chlorophyll_A_ESA_OC_CCI_v6.0_Monthly_1997-09-05_2025-09-01_30m_5pct_masked.nc"
"Gardner","ESA",0.0892885176270398,0.0256248846447325,1997-09-04,2023-12-01,"Gardner_Chlorophyll_A_ESA_OC_CCI_v6.0_Monthly_1997-09-05_2025-09-01_30m_5pct_masked.nc"
"Guam","ESA",0.0488180443501064,0.0188112955861297,1997-09-04,2023-12-01,"Guam_Chlorophyll_A_ESA_OC_CCI_v6.0_Monthly_1997-09-05_2024-11-30_30m_5pct_masked.nc"
"Guguan","ESA",0.054717297046891,0.00537677669382398,1997-09-04,2023-12-01,"Guguan_Chlorophyll_A_ESA_OC_CCI_v6.0_Monthly_1997-09-05_2024-11-30_30m_5pct_masked.nc"
"Hawaii","ESA",0.0756744074869155,0.0214112175615216,1997-09-04,2023-12-01,"Hawaii_Chlorophyll_A_ESA_OC_CCI_v6.0_Monthly_1997-09-05_2024-11-30_30m_5pct_masked.nc"
"Howland","ESA",0.203979714891932,0.0149078674685466,1997-09-04,2023-12-01,"Howland_Chlorophyll_A_ESA_OC_CCI_v6.0_Monthly_1997-09-05_2024-11-30_30m_5pct_masked.nc"
"Jarvis","ESA",0.226827704815751,0.0124612485248854,1997-09-04,2023-12-01,"Jarvis_Chlorophyll_A_ESA_OC_CCI_v6.0_Monthly_1997-09-05_2024-11-30_30m_5pct_masked.nc"
"Johnston","ESA",0.0593632638251452,0.0119492859512705,1997-09-04,2023-12-01,"Johnston_Chlorophyll_A_ESA_OC_CCI_v6.0_Monthly_1997-09-05_2024-11-30_30m_5pct_masked.nc"
"Kahoolawe","ESA",0.083966201670717,0.0181835069114549,1997-09-04,2023-12-01,"Kahoolawe_Chlorophyll_A_ESA_OC_CCI_v6.0_Monthly_1997-09-05_2024-11-30_30m_5pct_masked.nc"
"Kauai","ESA",0.0883426506233569,0.0244538332452691,1997-09-04,2023-12-01,"Kauai_Chlorophyll_A_ESA_OC_CCI_v6.0_Monthly_1997-09-05_2024-11-30_30m_5pct_masked.nc"
"Kaula","ESA",0.0759780583183798,0.0122327015317976,1997-09-04,2023-12-01,"Kaula_Chlorophyll_A_ESA_OC_CCI_v6.0_Monthly_1997-09-05_2024-11-30_30m_5pct_masked.nc"
"Kingman","ESA",0.144544000858092,0.0354528534345549,1997-09-04,2023-12-01,"Kingman_Chlorophyll_A_ESA_OC_CCI_v6.0_Monthly_1997-09-05_2024-11-30_30m_5pct_masked.nc"
"Kure","ESA",0.0934207326549436,0.0221334839123657,1997-09-04,2023-12-01,"Kure_Chlorophyll_A_ESA_OC_CCI_v6.0_Monthly_1997-09-05_2025-09-01_30m_5pct_masked.nc"
"Lanai","ESA",0.0945813690609801,0.0331369687390721,1997-09-04,2023-12-01,"Lanai_Chlorophyll_A_ESA_OC_CCI_v6.0_Monthly_1997-09-05_2024-11-30_30m_5pct_masked.nc"
"Laysan","ESA",0.088000659092818,0.0251347456826132,1997-09-04,2023-12-01,"Laysan_Chlorophyll_A_ESA_OC_CCI_v6.0_Monthly_1997-09-05_2025-09-01_30m_5pct_masked.nc"
"Lehua","ESA",0.0855780054338402,0.0181587454137234,1997-09-04,2023-12-01,"Lehua_Chlorophyll_A_ESA_OC_CCI_v6.0_Monthly_1997-09-05_2024-11-30_30m_5pct_masked.nc"
"Lisianski","ESA",0.089460565972835,0.0353650418321562,1997-09-04,2023-12-01,"Lisianski_Chlorophyll_A_ESA_OC_CCI_v6.0_Monthly_1997-09-05_2025-09-01_30m_5pct_masked.nc"
"Maro","ESA",0.0887803714016294,0.0420512410325145,1997-09-04,2023-12-01,"Maro_Chlorophyll_A_ESA_OC_CCI_v6.0_Monthly_1997-09-05_2025-09-01_30m_5pct_masked.nc"
"Maug","ESA",0.0561774794058766,0.00417084604518768,1997-09-04,2023-12-01,"Maug_Chlorophyll_A_ESA_OC_CCI_v6.0_Monthly_1997-09-05_2024-11-30_30m_5pct_masked.nc"
"Maui","ESA",0.0897549417246142,0.026054158818492,1997-09-04,2023-12-01,"Maui_Chlorophyll_A_ESA_OC_CCI_v6.0_Monthly_1997-09-05_2024-11-30_30m_5pct_masked.nc"
"Midway","ESA",0.101533748243132,0.0347770112817125,1997-09-04,2023-12-01,"Midway_Chlorophyll_A_ESA_OC_CCI_v6.0_Monthly_1997-09-05_2025-09-01_30m_5pct_masked.nc"
"Molokai","ESA",0.0962122711848173,0.0292000935405927,1997-09-04,2023-12-01,"Molokai_Chlorophyll_A_ESA_OC_CCI_v6.0_Monthly_1997-09-05_2024-11-30_30m_5pct_masked.nc"
"Molokini","ESA",0.0918347905159993,0.021664226695724,1997-09-04,2023-12-01,"Molokini_Chlorophyll_A_ESA_OC_CCI_v6.0_Monthly_1997-09-05_2024-11-30_30m_5pct_masked.nc"
"Necker","ESA",0.125844086463213,0.0183821435637227,1997-09-04,2023-12-01,"Necker_Chlorophyll_A_ESA_OC_CCI_v6.0_Monthly_1997-09-05_2025-09-01_30m_5pct_masked.nc"
"New_Britain","ESA",0.268909649833979,0.137264023996276,1997-09-04,2023-12-01,"New_Britain_Chlorophyll_A_ESA_OC_CCI_v6.0_Monthly_1997-09-05_2024-11-30_30m_5pct_masked.nc"
"Nihoa","ESA",0.0715335306110626,0.0159545299092346,1997-09-04,2023-12-01,"Nihoa_Chlorophyll_A_ESA_OC_CCI_v6.0_Monthly_1997-09-05_2025-09-01_30m_5pct_masked.nc"
"Niihau","ESA",0.0818461223408902,0.0163171813837949,1997-09-04,2023-12-01,"Niihau_Chlorophyll_A_ESA_OC_CCI_v6.0_Monthly_1997-09-05_2024-11-30_30m_5pct_masked.nc"
"Oahu","ESA",0.0854239899202221,0.0202907444665701,1997-09-04,2023-12-01,"Oahu_Chlorophyll_A_ESA_OC_CCI_v6.0_Monthly_1997-09-05_2024-11-30_30m_5pct_masked.nc"
"Ofu_&_Olosega","ESA",0.0578947413508723,0.00897683783712392,1997-09-04,2023-12-01,"Ofu_&_Olosega_Chlorophyll_A_ESA_OC_CCI_v6.0_Monthly_1997-09-05_2024-11-30_30m_5pct_masked.nc"
"Pagan","ESA",0.0566906952698654,0.00824386840917545,1997-09-04,2023-12-01,"Pagan_Chlorophyll_A_ESA_OC_CCI_v6.0_Monthly_1997-09-05_2024-11-30_30m_5pct_masked.nc"
"Palmyra","ESA",0.153225478007937,0.0233361817980739,1997-09-04,2023-12-01,"Palmyra_Chlorophyll_A_ESA_OC_CCI_v6.0_Monthly_1997-09-05_2024-11-30_30m_5pct_masked.nc"
"Pathfinder","ESA",0.0574418105070646,0.0144793927440351,1997-09-04,2023-12-01,"Pathfinder_Chlorophyll_A_ESA_OC_CCI_v6.0_Monthly_1997-09-05_2024-11-30_30m_5pct_masked.nc"
"Pearl_&_Hermes","ESA",0.0989497231423504,0.0395895538201502,1997-09-04,2023-12-01,"Pearl_&_Hermes_Chlorophyll_A_ESA_OC_CCI_v6.0_Monthly_1997-09-05_2025-09-01_30m_5pct_masked.nc"
"Philippines","ESA",0.498816622293218,0.149630560810383,1997-09-04,2023-12-01,"Philippines_Chlorophyll_A_ESA_OC_CCI_v6.0_Monthly_1997-09-05_2024-11-30_30m_5pct_masked.nc"
"Rose","ESA",0.0508336467860447,0.0314864438861115,1997-09-04,2023-12-01,"Rose_Chlorophyll_A_ESA_OC_CCI_v6.0_Monthly_1997-09-05_2024-11-30_30m_5pct_masked.nc"
"Rota","ESA",0.0467859080363594,0.0148768520496957,1997-09-04,2023-12-01,"Rota_Chlorophyll_A_ESA_OC_CCI_v6.0_Monthly_1997-09-05_2024-11-30_30m_5pct_masked.nc"
"Saipan","ESA",0.0554933441409806,0.018045261863691,1997-09-04,2023-12-01,"Saipan_Chlorophyll_A_ESA_OC_CCI_v6.0_Monthly_1997-09-05_2024-11-30_30m_5pct_masked.nc"
"Santa_Rosa","ESA",0.0444528673887429,0.00762440695042634,1997-09-04,2023-12-01,"Santa_Rosa_Chlorophyll_A_ESA_OC_CCI_v6.0_Monthly_1997-09-05_2024-11-30_30m_5pct_masked.nc"
"Sarigan","ESA",0.0546242452353248,0.00638191328156734,1997-09-04,2023-12-01,"Sarigan_Chlorophyll_A_ESA_OC_CCI_v6.0_Monthly_1997-09-05_2024-11-30_30m_5pct_masked.nc"
"South_Bank","ESA",0.061815707650211,0.00872345561430017,1997-09-04,2023-12-01,"South_Bank_Chlorophyll_A_ESA_OC_CCI_v6.0_Monthly_1997-09-05_2024-11-30_30m_5pct_masked.nc"
"Stingray","ESA",0.0567422240138737,0.00321697493098554,1997-09-04,2023-12-01,"Stingray_Chlorophyll_A_ESA_OC_CCI_v6.0_Monthly_1997-09-05_2024-11-30_30m_5pct_masked.nc"
"Supply","ESA",0.0561321129865256,0.00419045973140543,1997-09-04,2023-12-01,"Supply_Chlorophyll_A_ESA_OC_CCI_v6.0_Monthly_1997-09-05_2024-11-30_30m_5pct_masked.nc"
"Swains","ESA",0.0602353955306656,0.00808435220650168,1997-09-04,2023-12-01,"Swains_Chlorophyll_A_ESA_OC_CCI_v6.0_Monthly_1997-09-05_2024-11-30_30m_5pct_masked.nc"
"Tau","ESA",0.0569569258563486,0.00915574452184264,1997-09-04,2023-12-01,"Tau_Chlorophyll_A_ESA_OC_CCI_v6.0_Monthly_1997-09-05_2024-11-30_30m_5pct_masked.nc"
"Timor_Leste","ESA",0.294839315257557,0.148169286997065,1997-09-04,2023-12-01,"Timor_Leste_Chlorophyll_A_ESA_OC_CCI_v6.0_Monthly_1997-09-05_2024-11-30_30m_5pct_masked.nc"
"Tinian","ESA",0.055336807047013,0.0188654726649351,1997-09-04,2023-12-01,"Tinian_Chlorophyll_A_ESA_OC_CCI_v6.0_Monthly_1997-09-05_2024-11-30_30m_5pct_masked.nc"
"Tutuila","ESA",0.0663945366262624,0.0160080634387621,1997-09-04,2023-12-01,"Tutuila_Chlorophyll_A_ESA_OC_CCI_v6.0_Monthly_1997-09-05_2024-11-30_30m_5pct_masked.nc"
"Wake","ESA",0.0498420732530803,0.0052417540216815,1997-09-04,2023-12-01,"Wake_Chlorophyll_A_ESA_OC_CCI_v6.0_Monthly_1997-09-05_2024-11-30_30m_5pct_masked.nc"
"Zealandia","ESA",0.0541213867086606,0.0056123975976609,1997-09-04,2023-12-01,"Zealandia_Chlorophyll_A_ESA_OC_CCI_v6.0_Monthly_1997-09-05_2024-11-30_30m_5pct_masked.nc"
"Agrihan","VIIRS",0.0442142144852903,0.00546030066693866,2012-01-16,2023-12-16,"Agrihan_Chlorophyll_A_NPP_VIIRS_Monthly_2012-01-17_2024-05-31_30m_5pct_masked.nc"
"Aguijan","VIIRS",0.0380061112219082,0.00852120199765494,2012-01-16,2023-12-16,"Aguijan_Chlorophyll_A_NPP_VIIRS_Monthly_2012-01-17_2024-05-31_30m_5pct_masked.nc"
"Alamagan","VIIRS",0.0421344858284712,0.00471211743359332,2012-01-16,2023-12-16,"Alamagan_Chlorophyll_A_NPP_VIIRS_Monthly_2012-01-17_2024-05-31_30m_5pct_masked.nc"
"Anatahan","VIIRS",0.0403294584524197,0.00526361574027337,2012-01-16,2023-12-16,"Anatahan_Chlorophyll_A_NPP_VIIRS_Monthly_2012-01-17_2024-05-31_30m_5pct_masked.nc"
"Arakane","VIIRS",0.0408837536423675,0.00579290778780975,2012-01-16,2023-12-16,"Arakane_Chlorophyll_A_NPP_VIIRS_Monthly_2012-01-17_2024-05-31_30m_5pct_masked.nc"
"Asuncion","VIIRS",0.0447569644020181,0.00439949131165441,2012-01-16,2023-12-16,"Asuncion_Chlorophyll_A_NPP_VIIRS_Monthly_2012-01-17_2024-05-31_30m_5pct_masked.nc"
"Baker","VIIRS",0.190549127334274,0.0149436360624414,2012-01-16,2023-12-16,"Baker_Chlorophyll_A_NPP_VIIRS_Monthly_2012-01-17_2024-05-31_30m_5pct_masked.nc"
"Farallon_de_Pajaros","VIIRS",0.0449768183826201,0.00924199097365993,2012-01-16,2023-12-16,"Farallon_de_Pajaros_Chlorophyll_A_NPP_VIIRS_Monthly_2012-01-17_2024-05-31_30m_5pct_masked.nc"
"French_Frigate","VIIRS",0.0833388432114529,0.0301362383757325,2012-01-02,2023-12-01,"French_Frigate_Chlorophyll_A_NPP_VIIRS_Monthly_2012-01-03_2025-10-01_30m_5pct_masked.nc"
"Gardner","VIIRS",0.0922653449074059,0.0140386346096309,2012-01-02,2023-12-01,"Gardner_Chlorophyll_A_NPP_VIIRS_Monthly_2012-01-03_2025-10-01_30m_5pct_masked.nc"
"Guam","VIIRS",0.0364332125279877,0.0311722138785789,2012-01-16,2023-12-16,"Guam_Chlorophyll_A_NPP_VIIRS_Monthly_2012-01-17_2024-05-31_30m_5pct_masked.nc"
"Guguan","VIIRS",0.0410304292790002,0.00456713515419715,2012-01-16,2023-12-16,"Guguan_Chlorophyll_A_NPP_VIIRS_Monthly_2012-01-17_2024-05-31_30m_5pct_masked.nc"
"Hawaii","VIIRS",0.0631233716873912,0.0251456253256017,2012-01-16,2023-12-16,"Hawaii_Chlorophyll_A_NPP_VIIRS_Monthly_2012-01-17_2024-05-31_30m_5pct_masked.nc"
"Howland","VIIRS",0.185905189413415,0.0149830785992491,2012-01-16,2023-12-16,"Howland_Chlorophyll_A_NPP_VIIRS_Monthly_2012-01-17_2024-05-31_30m_5pct_masked.nc"
"Jarvis","VIIRS",0.213141812483938,0.0129809991712934,2012-01-16,2023-12-16,"Jarvis_Chlorophyll_A_NPP_VIIRS_Monthly_2012-01-17_2024-05-31_30m_5pct_masked.nc"
"Johnston","VIIRS",0.0536549261199578,0.0426926018178707,2012-01-16,2023-12-16,"Johnston_Chlorophyll_A_NPP_VIIRS_Monthly_2012-01-17_2024-05-31_30m_5pct_masked.nc"
"Kahoolawe","VIIRS",0.0710104895641985,0.0153203937775892,2012-01-16,2023-12-16,"Kahoolawe_Chlorophyll_A_NPP_VIIRS_Monthly_2012-01-17_2024-05-31_30m_5pct_masked.nc"
"Kauai","VIIRS",0.0738766859708095,0.0277579892366534,2012-01-16,2023-12-16,"Kauai_Chlorophyll_A_NPP_VIIRS_Monthly_2012-01-17_2024-05-31_30m_5pct_masked.nc"
"Kaula","VIIRS",0.0633043006003307,0.00560305026358898,2012-01-16,2023-12-16,"Kaula_Chlorophyll_A_NPP_VIIRS_Monthly_2012-01-17_2024-05-31_30m_5pct_masked.nc"
"Kingman","VIIRS",0.119728021582891,0.0223447054038696,2012-01-16,2023-12-16,"Kingman_Chlorophyll_A_NPP_VIIRS_Monthly_2012-01-17_2024-05-31_30m_5pct_masked.nc"
"Kure","VIIRS",0.0850337849309453,0.0229082407384272,2012-01-02,2023-12-01,"Kure_Chlorophyll_A_NPP_VIIRS_Monthly_2012-01-03_2025-10-01_30m_5pct_masked.nc"
"Lanai","VIIRS",0.0786863169298367,0.0270830518517503,2012-01-16,2023-12-16,"Lanai_Chlorophyll_A_NPP_VIIRS_Monthly_2012-01-17_2024-05-31_30m_5pct_masked.nc"
"Laysan","VIIRS",0.0885349929677817,0.0241630939124652,2012-01-02,2023-12-01,"Laysan_Chlorophyll_A_NPP_VIIRS_Monthly_2012-01-03_2025-10-01_30m_5pct_masked.nc"
"Lehua","VIIRS",0.0721936668590942,0.0133329168924551,2012-01-16,2023-12-16,"Lehua_Chlorophyll_A_NPP_VIIRS_Monthly_2012-01-17_2024-05-31_30m_5pct_masked.nc"
"Lisianski","VIIRS",0.0805130957350299,0.0369032768434049,2012-01-02,2023-12-01,"Lisianski_Chlorophyll_A_NPP_VIIRS_Monthly_2012-01-03_2025-10-01_30m_5pct_masked.nc"
"Maro","VIIRS",0.102752976943887,0.0479930679857585,2012-01-02,2023-12-01,"Maro_Chlorophyll_A_NPP_VIIRS_Monthly_2012-01-03_2025-10-01_30m_5pct_masked.nc"
"Maug","VIIRS",0.0450511346713662,0.00460501801071419,2012-01-16,2023-12-16,"Maug_Chlorophyll_A_NPP_VIIRS_Monthly_2012-01-17_2024-05-31_30m_5pct_masked.nc"
"Maui","VIIRS",0.0760392290584838,0.0265526567248548,2012-01-16,2023-12-16,"Maui_Chlorophyll_A_NPP_VIIRS_Monthly_2012-01-17_2024-05-31_30m_5pct_masked.nc"
"Midway","VIIRS",0.0869016310688057,0.0237151192353776,2012-01-02,2023-12-01,"Midway_Chlorophyll_A_NPP_VIIRS_Monthly_2012-01-03_2025-10-01_30m_5pct_masked.nc"
"Molokai","VIIRS",0.0830212736284126,0.0250057256225211,2012-01-16,2023-12-16,"Molokai_Chlorophyll_A_NPP_VIIRS_Monthly_2012-01-17_2024-05-31_30m_5pct_masked.nc"
"Molokini","VIIRS",0.0740839268298008,0.0170401163480496,2012-01-16,2023-12-16,"Molokini_Chlorophyll_A_NPP_VIIRS_Monthly_2012-01-17_2024-05-31_30m_5pct_masked.nc"
"Necker","VIIRS",0.126826767308208,0.0216610707877802,2012-01-02,2023-12-01,"Necker_Chlorophyll_A_NPP_VIIRS_Monthly_2012-01-03_2025-10-01_30m_5pct_masked.nc"
"New_Britain","VIIRS",0.240854118234922,0.284831699891087,2012-01-16,2023-12-16,"New_Britain_Chlorophyll_A_NPP_VIIRS_Monthly_2012-01-17_2024-05-31_30m_5pct_masked.nc"
"Nihoa","VIIRS",0.0726673986007284,0.00904559249579509,2012-01-02,2023-12-01,"Nihoa_Chlorophyll_A_NPP_VIIRS_Monthly_2012-01-03_2025-10-01_30m_5pct_masked.nc"
"Niihau","VIIRS",0.0689658735722287,0.011846420741827,2012-01-16,2023-12-16,"Niihau_Chlorophyll_A_NPP_VIIRS_Monthly_2012-01-17_2024-05-31_30m_5pct_masked.nc"
"Oahu","VIIRS",0.0729107500348215,0.019331072925146,2012-01-16,2023-12-16,"Oahu_Chlorophyll_A_NPP_VIIRS_Monthly_2012-01-17_2024-05-31_30m_5pct_masked.nc"
"Ofu_&_Olosega","VIIRS",0.0474364479212888,0.00997102349829321,2012-01-16,2023-12-16,"Ofu_&_Olosega_Chlorophyll_A_NPP_VIIRS_Monthly_2012-01-17_2024-05-31_30m_5pct_masked.nc"
"Pagan","VIIRS",0.0442604351921995,0.00562168049034971,2012-01-16,2023-12-16,"Pagan_Chlorophyll_A_NPP_VIIRS_Monthly_2012-01-17_2024-05-31_30m_5pct_masked.nc"
"Palmyra","VIIRS",0.128697951237829,0.0292746776702075,2012-01-16,2023-12-16,"Palmyra_Chlorophyll_A_NPP_VIIRS_Monthly_2012-01-17_2024-05-31_30m_5pct_masked.nc"
"Pathfinder","VIIRS",0.0423170874278439,0.00850540516691103,2012-01-16,2023-12-16,"Pathfinder_Chlorophyll_A_NPP_VIIRS_Monthly_2012-01-17_2024-05-31_30m_5pct_masked.nc"
"Pearl_&_Hermes","VIIRS",0.0858702044522392,0.027830880288658,2012-01-02,2023-12-01,"Pearl_&_Hermes_Chlorophyll_A_NPP_VIIRS_Monthly_2012-01-03_2025-10-01_30m_5pct_masked.nc"
"Philippines","VIIRS",0.44023951160763,0.231046554991315,2012-01-02 12:00:00,2023-12-01 12:00:00,"Philippines_Chlorophyll_A_NPP_VIIRS_Monthly_2012-01-03_2025-09-30.nc"
"Rose","VIIRS",0.03892425313426,0.00914199209332323,2012-01-16,2023-12-16,"Rose_Chlorophyll_A_NPP_VIIRS_Monthly_2012-01-17_2024-05-31_30m_5pct_masked.nc"
"Rota","VIIRS",0.0332013223133081,0.00528032492245316,2012-01-16,2023-12-16,"Rota_Chlorophyll_A_NPP_VIIRS_Monthly_2012-01-17_2024-05-31_30m_5pct_masked.nc"
"Saipan","VIIRS",0.0409113177281358,0.0138426633577248,2012-01-16,2023-12-16,"Saipan_Chlorophyll_A_NPP_VIIRS_Monthly_2012-01-17_2024-05-31_30m_5pct_masked.nc"
"Santa_Rosa","VIIRS",0.0337140325018643,0.0079833593490863,2012-01-16,2023-12-16,"Santa_Rosa_Chlorophyll_A_NPP_VIIRS_Monthly_2012-01-17_2024-05-31_30m_5pct_masked.nc"
"Sarigan","VIIRS",0.0401785011014064,0.0057804319382716,2012-01-16,2023-12-16,"Sarigan_Chlorophyll_A_NPP_VIIRS_Monthly_2012-01-17_2024-05-31_30m_5pct_masked.nc"
"South_Bank","VIIRS",0.0512286754544026,0.0081162536007074,2012-01-16,2023-12-16,"South_Bank_Chlorophyll_A_NPP_VIIRS_Monthly_2012-01-17_2024-05-31_30m_5pct_masked.nc"
"Stingray","VIIRS",0.0460308221263228,0.00414796043303351,2012-01-16,2023-12-16,"Stingray_Chlorophyll_A_NPP_VIIRS_Monthly_2012-01-17_2024-05-31_30m_5pct_masked.nc"
"Supply","VIIRS",0.0448447914970303,0.00460260094080796,2012-01-16,2023-12-16,"Supply_Chlorophyll_A_NPP_VIIRS_Monthly_2012-01-17_2024-05-31_30m_5pct_masked.nc"
"Swains","VIIRS",0.04665477261092,0.00661813184163899,2012-01-16,2023-12-16,"Swains_Chlorophyll_A_NPP_VIIRS_Monthly_2012-01-17_2024-05-31_30m_5pct_masked.nc"
"Tau","VIIRS",0.0465432279716155,0.00987517743027837,2012-01-16,2023-12-16,"Tau_Chlorophyll_A_NPP_VIIRS_Monthly_2012-01-17_2024-05-31_30m_5pct_masked.nc"
"Timor_Leste","VIIRS",0.309458516258571,0.544165203107925,2012-01-02 12:00:00,2023-12-01 12:00:00,"Timor_Leste_Chlorophyll_A_NPP_VIIRS_Monthly_2012-01-03_2025-09-30.nc"
"Tinian","VIIRS",0.0412050108039299,0.0148126459895182,2012-01-16,2023-12-16,"Tinian_Chlorophyll_A_NPP_VIIRS_Monthly_2012-01-17_2024-05-31_30m_5pct_masked.nc"
"Tutuila","VIIRS",0.0555132065165307,0.0232034852010704,2012-01-16,2023-12-16,"Tutuila_Chlorophyll_A_NPP_VIIRS_Monthly_2012-01-17_2024-05-31_30m_5pct_masked.nc"
"Wake","VIIRS",0.0381953456175564,0.0212604167694444,2012-01-16,2023-12-16,"Wake_Chlorophyll_A_NPP_VIIRS_Monthly_2012-01-17_2024-05-31_30m_5pct_masked.nc"
"Zealandia","VIIRS",0.0400296647764955,0.00573782631912007,2012-01-16,2023-12-16,"Zealandia_Chlorophyll_A_NPP_VIIRS_Monthly_2012-01-17_2024-05-31_30m_5pct_masked.nc"
